repo	visibility	fork	last_commit_date	lines_mentioning_retired_name	files	top_retired_names	commits_12mo	top_committer_12mo	top_committer_commits	scanned_commit	top_content_committer_12mo	top_content_committer_commits	documented_maintainer
nmdc_automation	public	false	2026-10-05	42894	162	omics_processing_set:5874 Activity:5820 metagenome_assembly_set:4367 read_qc_analysis_activity_set:4245 read_based_taxonomy_analysis_activity_set:4113	326	aclum	91	3d1e0d8cf	aclum	88	
external-metadata-awareness	public	false	2026-10-07	7559	122	DNASampleFormatEnum:1977 RNASampleFormatEnum:1977 Solution:1562 ChemicalEntity:723 PersonValue:536	347	turbomam	246	eb165cf14	turbomam	208	
metadata_converter	public	false	2021-04-19	2088	82	environment_field:515 investigation_type:95 Activity:83 MaterialSample:64 sequencing_field:58	0			77ef26dab			
nmdc-schema	public	false	2026-10-02	1673	120	OmicsProcessing:176 Activity:141 Solution:116 TargetGeneEnum:100 applies_to_person:67	1030	turbomam	514	647010882			
nmdc_kbase	public	false	2021-10-12	1609	3	omics_type:486 OmicsProcessing:484 instrument_name:434 NomAnalysisActivity:170 MetabolomicsAnalysisActivity:34	0			d15192bcf			
sample-annotator	public	false	2026-05-21	1265	5	Activity:194 submitted_to_insdc:70 investigation_type:70 samp_salinity:69 host_family_relationship:39	2	pkalita-lbl	2	b03a8d957		0	
submission-schema	public	false	2026-10-07	425	68	sample_isolated_from:85 JgiContTypeEnum:47 Reaction:29 investigation_type:26 Solution:14	308	turbomam	102	abe8128c4	turbomam	102	
nmdc-server	public	false	2026-10-07	301	44	OmicsProcessing:75 omics_type:37 metagenome_annotation_id:21 best_protein:8 PersonValue:7	1753	codytodonnell	570	6b478649e	codytodonnell	569	
nmdc_notebooks	public	false	2026-10-05	241	14	all_proteins:97 best_protein:95 Pathway:39 extraction_set:24 pooling_set:21	81	kheal	25	3a674effc	bmeluch	20	
metaPro	public	false	2026-08-14	186	6	was_associated_with:13 peptide_sum_masic_abundance:8 all_proteins:8 best_protein:7 peptide_spectral_count:6	28	picowatt	26	82e0bc53e	picowatt	24	
nmdc-runtime	public	false	2026-10-05	130	31	omics_processing_set:13 activity_set:10 OmicsProcessing:10 read_qc_analysis_activity_set:10 metagenome_assembly_set:9	1114	eecavanna	681	02391279c	eecavanna	593	
MIxS-ontology-translation	public	false	2019-10-31	56	2	samp_salinity:11 host_family_relationship:6 ihmc_ethnicity:5 host_infra_specific_name:2 organism_count_qpcr_info:2	0			d11786c73			
metadata-for-user-facility-template-transformations	public	false	2026-08-13	49	11	sample_isolated_from:20 Reaction:5 microbial_biomass_meth:2 micro_biomass_N_meth:2 microbial_biomass_C:2	96	sujaypatil96	76	89aa2ff6f	sujaypatil96	72	
nmdc-metadata-suggestor-ai-tool	public	false	2026-10-06	46	13	publication_dois:23 PersonValue:10 applies_to_person:9 collection_date_inc:2 relevant_protocols:1	650	hesspnnl	390	acb3d9ffb	hesspnnl	376	
metaAssembly	public	false	2026-05-21	33	3	scaf_N90:3 ctg_N90:3 scaf_L90:3 ctg_N50:3 scaf_pct_gt50K:3	6	pkalita-lbl	2	f0d698f75	aclum	2	"samobermiller (docs/index.rst, ""Package maintainer"")"
pilot	public	false	2020-04-06	31	7	omics_type:16 publication_dois:15 instrument_name:1	0			1ed733900			
metaMS	public	false	2026-09-08	28	2	material_output:3 activity_time:2 container_type:2 inchi_key:2 material_input:2	31	kheal	27	4f36b2480	kheal	26	"corilo (docs/gcms_metabolomics/index.rst, ""Package maintainer""; last commit 2021)"
nmdc-mass-spec-automation	public	false	2026-09-29	28	15	instrument_name:24 extraction_method:2 has_calibration:2	487	kheal	301	2faac51eb	kheal	276	
docs	public	false	2026-09-08	25	3	OmicsProcessing:7 BiosampleProcessing:6 BooleanValue:3 UrlValue:3 IntegerValue:3	93	aclum	42	5dadafbf4	aclum	42	
nmdc-lakehouse-schema	public	false	2026-09-25	19	9	applies_to_person:8 collection_date_inc:6 PersonValue:5 TargetGeneEnum:1	42	turbomam	22	3ae9ffaa1	turbomam	22	
portal_user_guide	public	false	2025-02-20	18	6	omics_type:10 instrument_name:8	0			0a0f5d4bc			
issues	public	false	2026-05-21	17	2	OmicsProcessing:5 Solution:5 WorkflowExecutionActivity:1 Reaction:1 Activity:1	62	turbomam	36	7b662ed10	turbomam	36	
workflow-scripts	public	false	2022-05-20	17	4	activity_set:4 metagenome_annotation_id:3 metagenome_annotation_activity_set:2 scaf_l_gt50K:1 metagenome_assembly_set:1	0			540b1d4d1			
metaT_Assembly	public	false	2026-05-21	11	1	scaf_N90:1 scaf_n_gt50K:1 scaf_N50:1 ctg_N50:1 scaf_pct_gt50K:1	14	vlilanl	11	2d8c47c5b	vlilanl	11	
nmdc-mcp	public	false	2026-05-22	11	5	omics_type:6 Solution:2 sampling_method:1 instrument_name:1 OmicsProcessing:1	10	sujaypatil96	8	16ec410e3	sujaypatil96	8	
oai-nmdc-plugin	public	false	2023-05-12	10	2	omics_type:10	0			6c4faa79a			
w3id.org	public	true	2025-09-25	10	8	Activity:10	0			f6ab53481			
nmdc-lakehouse	public	false	2026-10-05	9	4	applies_to_person:4 PersonValue:2 collection_date_inc:2 metagenome_annotation_activity_set:1	166	turbomam	144	3992849e6	turbomam	140	
infra-admin	private	false	2026-09-03	8	5	metagenome_assembly_set:6 mags_activity_set:3 read_qc_analysis_activity_set:2 read_based_taxonomy_analysis_activity_set:2 metagenome_sequencing_activity_set:2	99	eecavanna	69	176b8b136	eecavanna	67	
nmdc-client	public	false	2026-09-29	8	1	instrument_name:8	401	kheal	123	5f02a8afa	kheal	111	
nmdc-ingest-agent	public	false	2026-10-02	8	3	TargetGeneEnum:8	126	sujaypatil96	100	8e3a41146	sujaypatil96	100	
nmdc-aggregator	public	false	2026-05-26	7	2	peptide_sequence:6 peptide_spectral_count:1 Activity:1	9	kheal	6	4cabbcf4c	kheal	6	
metaG	public	false	2021-11-02	6	1	Activity:5 MetagenomeAnnotationActivity:1	0			8e61d57e3			
nmdc-ai-eval	public	false	2026-10-07	6	2	PersonValue:3 applies_to_person:2 OmicsProcessing:1	154	turbomam	116	be9dba238	turbomam	105	
nmdc_mass_spectrometry_metadata_generation	public	false	2026-09-29	6	2	has_inputs:4 instrument_name:1 has_outputs:1	274	hesspnnl	98	ddb60ef9d	hesspnnl	76	
GOLD-ontology-translation	public	false	2020-02-26	4	1	BiosampleProcessing:4	0			eeefd0873			
streams-agent	public	false	2026-05-22	4	2	Solution:4	4	pkalita-lbl	2	faa399f7e	cmungall	1	
workflow_documentation	public	false	2025-02-20	4	1	has_outputs:2 has_inputs:2	0			7d5e7a374			
SRA_submit	public	false	2026-01-20	2	1	OmicsProcessing:2	3	scanon	3	c9bc2f26f	scanon	3	
DataHarmonizer	public	true	2026-05-22	1	1	Solution:1	5	pkalita-lbl	5	7729a4360			
