name	kind	last_release_with_it	recorded_in_deprecated_yaml
Activity	classes	v10.9.1	
AnalyteCategoryEnum	enums		yes
AnalyticalSample	classes	v10.9.1	
AnonymousInstrument	classes	v9.3.1	
BiosampleProcessing	classes	v10.9.1	
BooleanValue	classes	v10.9.1	
ChemicalEntity	classes		yes
CompoundEnum	enums	v10.9.1	
ContainerTypeEnum	enums	v9.1.0	
DNASampleFormatEnum	enums		yes
DataGeneratingInstrument	classes	v9.3.1	
DeviceEnum	enums	v10.9.1	
DeviceTypeEnum	enums	v9.3.1	
DirectInfusionEnum	enums		yes
DissolvingActivity	classes	v9.3.1	
EMSL_store_temp	slots	v6.0.4	
EnvironmentalMaterialTerm	classes		yes
InstrumentMixin	classes	v9.3.1	
InstrumentValue	classes	v9.1.0	
IntegerValue	classes	v10.9.1	
JgiContTypeEnum	enums		yes
LabDevice	classes	v9.1.0	
MagsAnalysisActivity	classes	v10.9.1	
MaterialContainer	classes	v9.3.1	
MaterialSample	classes	v9.3.1	
MaterialSamplingActivity	classes	v9.3.1	
MetaboliteQuantification	classes	v10.9.1	
MetabolomicsAnalysisActivity	classes	v10.9.1	
MetagenomeAnnotationActivity	classes	v10.9.1	
MetagenomeSequencing	classes		yes
MetagenomeSequencingActivity	classes	v10.9.1	
MetaproteomicsAnalysisActivity	classes	v10.9.1	
MetatranscriptomeActivity	classes	v10.5.6	
MetatranscriptomeAnnotationActivity	classes	v10.9.1	
NomAnalysisActivity	classes	v10.9.1	
OmicsProcessing	classes	v10.9.1	
Pathway	classes		yes
PeptideQuantification	classes		yes
PersonValue	classes		yes
ProteinQuantification	classes		yes
ProtocolExecution	classes		yes
QualityControlReport	classes	v9.3.2	
RNASampleFormatEnum	enums		yes
Reaction	classes	v10.9.1	
ReactionActivity	classes	v9.3.1	
ReactionParticipant	classes	v10.9.1	
ReadBasedTaxonomyAnalysisActivity	classes	v10.9.1	
ReadQcAnalysisActivity	classes	v10.9.1	
SamplingMethodEnum	enums	v9.3.1	
Solution	classes	v10.9.1	
SolutionComponent	classes	v10.9.1	
SolventEnum	enums	v9.3.1	
TargetGeneEnum	enums		yes
UrlValue	classes	v10.9.1	
WorkflowExecutionActivity	classes	v10.9.1	
_16s_recover	slots	v3.2.0	
_16s_recover_software	slots	v3.2.0	
acted_on_behalf_of	slots	v7.6.0	
activity_set	slots	v10.5.4	
activity_speed	slots	v9.3.1	
activity_temperature	slots	v9.3.1	
activity_time	slots	v9.3.1	
all_proteins	slots		yes
alternate_emails	slots	v10.9.1	
amount_collected	slots	v9.3.1	
analysis_type_enum	enums	v10.0.0	
applied_role	slots	v9.1.0	
applies_to_person	slots		yes
arch_struc_enum	enums	v11.14.0	
award_dois	slots	v9.1.0	
best_protein	slots		yes
biol_stat_enum	enums	v11.14.0	
biosample_category_enum	enums	v7.6.5	
biosample_input	slots	v7.6.0	
biotic_relationship_enum	enums	v11.14.0	
build_docs_enum	enums	v11.14.0	
build_occup_type_enum	enums	v11.14.0	
building_setting_enum	enums	v11.14.0	
ceil_cond_enum	enums		yes
ceil_finish_mat_enum	enums	v11.14.0	
ceil_texture_enum	enums		yes
ceil_type_enum	enums	v11.14.0	
checklist_package_combination	subsets		yes
chem_treatment_method	slots	v3.2.0	
chemical_entity_set	slots		yes
collected_into	slots	v9.3.1	
collection_date_inc	slots		yes
container_type	slots	v9.1.0	
core_field	slots	v7.4.4	
ctg_L50	slots	v6.0.4	
ctg_L90	slots	v6.0.4	
ctg_N50	slots	v6.0.4	
ctg_N90	slots	v6.0.4	
cur_land_use_enum	enums	v11.14.0	
data_portal_subset	subsets		yes
dataset_dois	slots	v9.1.0	
depos_env_enum	enums	v11.14.0	
designated_class	slots	v10.9.1	
device_type	slots	v9.3.1	
direct_infusion_category	slots		yes
dissolution_aided_by	slots	v9.1.0	
dissolution_reagent	slots	v9.3.1	
dissolution_volume	slots	v9.3.1	
dissolved_in	slots	v9.3.1	
dissolving_activity_set	slots	v9.3.1	
dna_collect_site	slots		yes
dna_cont_type	slots		yes
dna_cont_type_enum	enums	v7.5.0	
dna_cont_well	slots		yes
dna_container_ID	slots	v6.0.4	
dna_container_id	slots		yes
dna_dnase	slots		yes
dna_dnase_enum	enums	v7.5.0	
dna_organisms	slots		yes
dna_project_contact	slots		yes
dna_samp_ID	slots	v6.0.4	
dna_samp_id	slots		yes
dna_sample_format	slots		yes
dna_sample_format_enum	enums	v10.0.0	
dna_sample_name	slots		yes
dna_seq_project	slots		yes
dna_seq_project_PI	slots	v6.0.4	
dna_seq_project_name	slots		yes
dna_seq_project_pi	slots		yes
dna_volume	slots		yes
dnase_rna	slots		yes
dnase_rna_enum	enums	v7.5.0	
door_comp_type_enum	enums	v11.14.0	
door_cond_enum	enums		yes
door_direct_enum	enums	v11.14.0	
door_loc_enum	enums		yes
door_mat_enum	enums	v11.14.0	
door_move_enum	enums	v11.14.0	
door_type_enum	enums	v11.14.0	
door_type_metal_enum	enums	v11.14.0	
door_type_wood_enum	enums		yes
drainage_class_enum	enums	v11.14.0	
drawings_enum	enums	v11.14.0	
emsl_project_dois	slots	v9.1.0	
emsl_project_identifier	slots	v7.6.0	
emsl_proposal_doi	slots	v7.6.0	
emsl_proposal_identifier	slots	v7.6.0	
environment_field	slots	v7.4.4	
ess_dive_datasets	slots	v9.1.0	
ext_wall_orient_enum	enums		yes
ext_window_orient_enum	enums		yes
extraction_method	slots	v10.9.1	
extraction_set	slots	v10.9.1	
extraction_target	slots	v10.9.1	
extreme_salinity	slots	v3.2.0	
fao_class_enum	enums	v11.14.0	
filter_type_enum	enums	v11.14.0	
floor_cond_enum	enums		yes
floor_finish_mat_enum	enums		yes
floor_struc_enum	enums	v11.14.0	
floor_water_mold_enum	enums	v11.14.0	
freq_clean_enum	enums	v11.14.0	
furniture_enum	enums	v11.14.0	
gender_restroom_enum	enums	v11.14.0	
gold_sample_identifiers	slots	v7.0.0	
growth_habit_enum	enums	v11.14.0	
handidness_enum	enums	v11.14.0	
has_calibration	slots		yes
has_inputs	slots	v7.5.0	
has_metabolite_quantifications	slots	v10.9.1	
has_outputs	slots	v7.5.0	
has_part	slots	v10.9.1	
has_participants	slots	v10.9.1	
has_peptide_quantifications	slots		yes
has_process_parts	slots		yes
has_solution_components	slots	v10.9.1	
hc_produced_enum	enums	v11.14.0	
hcr_enum	enums	v11.14.0	
hcr_geol_age_enum	enums		yes
health_disease_stat	slots	v3.2.0	
heat_cool_type_enum	enums	v11.14.0	
heat_deliv_loc_enum	enums		yes
heat_system_deliv_meth	slots	v3.2.0	
horizon_enum	enums	v7.4.4	
host_blood_press_diast	slots	v3.2.0	
host_blood_press_syst	slots	v3.2.0	
host_family_relationship	slots	v3.2.0	
host_infra_specific_name	slots	v3.2.0	
host_infra_specific_rank	slots	v3.2.0	
host_sex_enum	enums	v11.14.0	
ihmc_ethnicity	slots	v3.2.0	
inchi_key	slots		yes
indoor_space_enum	enums	v11.14.0	
indoor_surf_enum	enums	v11.14.0	
instrument_name	slots	v10.9.1	
int_wall_cond_enum	enums		yes
investigation_field	slots	v7.4.4	
investigation_type	slots	v3.2.0	
is_balanced	slots	v10.9.1	
is_diastereoselective	slots	v10.9.1	
is_fully_characterized	slots	v10.9.1	
is_stereo	slots	v10.9.1	
is_transport	slots	v10.9.1	
left_participants	slots	v10.9.1	
library_preparation_set	slots	v10.9.1	
light_type_enum	enums	v11.14.0	
lithology_enum	enums	v11.14.0	
mags_activity_set	slots	v10.9.1	
massive_identifiers	slots	v9.1.0	
massive_study_identifiers	slots	v9.1.0	
material_input	slots	v9.3.1	
material_output	slots	v9.3.1	
material_sample_set	slots	v9.3.1	
material_sampling_activity_set	slots	v9.3.1	
mech_struc_enum	enums	v11.14.0	
metabolite_quantified	slots	v10.9.1	
metabolomics_analysis_activity_set	slots	v10.9.1	
metagenome_annotation_activity_set	slots	v10.9.1	
metagenome_annotation_id	slots		yes
metagenome_assembly_set	slots	v10.9.1	
metagenome_sequencing_activity_set	slots	v10.9.1	
metaproteomics_analysis_activity_set	slots	v10.9.1	
metatranscriptome_activity_set	slots	v10.5.6	
metatranscriptome_annotation_set	slots	v10.9.1	
metatranscriptome_assembly_set	slots	v10.9.1	
metatranscriptome_expression_analysis_set	slots	v10.9.1	
micro_biomass_C_meth	slots	v6.0.4	
micro_biomass_N_meth	slots	v6.0.4	
microbial_biomass_C	slots	v6.0.4	
microbial_biomass_N	slots	v6.0.4	
microbial_biomass_meth	slots	v7.0.0	
min_q_value	slots		yes
mixs_environmental_triad	subsets		yes
mixs_url	slots	v3.2.0	
neon_deims_sdr_link	slots	v8.1.1	
neon_eco_type	slots	v8.1.1	
neon_soil_type	slots	v8.1.1	
nom_analysis_activity_set	slots	v10.9.1	
non_mineral_nutr_regm	slots	v3.2.0	
nucleic_acid_concentration	slots	v9.1.0	
nucleic_acid_sequence_source_field	slots	v7.4.4	
occup_document_enum	enums	v11.14.0	
omics_processing_set	slots	v10.9.1	
omics_type	slots		yes
organism_count_enum	enums		yes
organism_count_qpcr_info	slots	v3.2.0	
oxy_stat_samp_enum	enums	v11.14.0	
participating_agent	slots	v7.6.0	
peptide_sequence	slots		yes
peptide_sequence_count	slots		yes
peptide_spectral_count	slots		yes
peptide_sum_masic_abundance	slots		yes
planned_process_set	slots	v10.9.1	
plant_growth_med_enum	enums		yes
plant_sex_enum	enums	v11.14.0	
pooling_set	slots	v10.9.1	
pres_animal	slots	v3.2.0	
previous_land_use_meth	slots	v7.0.0	
processing_institution_enum	enums	v10.9.1	
profile_position_enum	enums	v11.14.0	
project_ID	slots	v6.0.4	
proposal_dna	slots		yes
proposal_rna	slots		yes
protein_spectral_count	slots		yes
protein_sum_masic_abundance	slots		yes
protocol_execution_category	slots		yes
protocol_execution_set	slots		yes
publication_dois	slots	v9.1.0	
quad_pos_enum	enums	v11.14.0	
quality_control_report	slots	v9.3.2	
reaction_activity_set	slots	v9.3.1	
reaction_aided_by	slots	v9.1.0	
reaction_temperature	slots	v9.3.1	
reaction_time	slots	v9.3.1	
read_based_taxonomy_analysis_activity_set	slots	v10.9.1	
read_qc_analysis_activity_set	slots	v10.9.1	
rel_samp_loc_enum	enums	v11.14.0	
rel_to_oxygen_enum	enums	v7.5.0	
relevant_protocols	slots	v10.9.1	
resp_part_matter	slots	v3.2.0	
right_participants	slots	v10.9.1	
rna_absorb1	slots		yes
rna_absorb2	slots		yes
rna_collect_site	slots		yes
rna_concentration	slots		yes
rna_cont_type	slots		yes
rna_cont_type_enum	enums	v7.5.0	
rna_cont_well	slots		yes
rna_container_ID	slots	v6.0.4	
rna_container_id	slots		yes
rna_organisms	slots		yes
rna_project_contact	slots		yes
rna_samp_ID	slots	v6.0.4	
rna_samp_id	slots		yes
rna_sample_format	slots		yes
rna_sample_format_enum	enums	v10.0.0	
rna_sample_name	slots		yes
rna_seq_project	slots		yes
rna_seq_project_PI	slots	v6.0.4	
rna_seq_project_name	slots		yes
rna_seq_project_pi	slots		yes
rna_volume	slots		yes
room_architec_element	slots	v3.2.0	
room_condt_enum	enums	v11.14.0	
room_connected_enum	enums	v11.14.0	
room_loc_enum	enums	v11.14.0	
room_moist_damage_hist	slots	v3.2.0	
room_samp_pos_enum	enums	v11.14.0	
room_type_enum	enums		yes
samp_capt_status_enum	enums	v11.14.0	
samp_collect_point_enum	enums	v11.14.0	
samp_collection_point	slots	v3.2.0	
samp_dis_stage_enum	enums	v11.14.0	
samp_floor_enum	enums		yes
samp_md_enum	enums		yes
samp_salinity	slots	v3.2.0	
samp_subtype_enum	enums	v11.14.0	
samp_weather_enum	enums	v11.14.0	
sample_growth_conditions	slots		yes
sample_identifiers	slots	v7.0.0	
sample_isolated_from	slots		yes
sample_isolation_method	slots		yes
sample_mass	slots	v7.8.0	
sample_state_information	slots		yes
sample_type_enum	enums	v10.0.0	
sampling_method	slots	v9.3.1	
scaf_L50	slots	v6.0.4	
scaf_L90	slots	v6.0.4	
scaf_N50	slots	v6.0.4	
scaf_N90	slots	v6.0.4	
scaf_l_gt50K	slots	v6.0.4	
scaf_n_gt50K	slots	v6.0.4	
scaf_pct_gt50K	slots	v6.0.4	
season_use_enum	enums	v11.14.0	
sediment_type_enum	enums	v11.14.0	
sequencing_field	slots	v7.4.4	
shading_device_cond_enum	enums		yes
shading_device_type_enum	enums	v11.14.0	
shading_device_water_mold	slots	v3.2.0	
single_cell_lysis_appr	slots	v3.2.0	
single_cell_lysis_prot	slots	v3.2.0	
smarts_string	slots	v10.9.1	
soil_horizon_enum	enums	v11.14.0	
specific_enum	enums	v11.14.0	
sr_dep_env_enum	enums	v11.14.0	
sr_geol_age_enum	enums		yes
sr_kerog_type_enum	enums	v11.14.0	
sr_lithology_enum	enums	v11.14.0	
submitted_to_insdc	slots	v3.2.0	
substructure_type_enum	enums	v11.14.0	
subsurface_depth2	slots	v7.0.0	
surf_air_cont_enum	enums	v11.14.0	
surf_material_enum	enums	v11.14.0	
texture_meth	slots	v7.0.0	
tidal_stage_enum	enums	v11.14.0	
tillage_enum	enums	v11.14.0	
tot_nitro_content_meth	slots	v3.2.0	
train_line_enum	enums	v11.14.0	
train_stat_loc_enum	enums	v11.14.0	
train_stop_loc_enum	enums	v11.14.0	
tvdss_of_hcr_pressure	slots	v3.2.0	
vis_media_enum	enums		yes
votu_class_appr	slots	v3.2.0	
votu_db	slots	v3.2.0	
votu_seq_comp_appr	slots	v3.2.0	
wall_const_type_enum	enums	v11.14.0	
wall_finish_mat_enum	enums	v11.14.0	
wall_loc_enum	enums		yes
wall_surf_treatment_enum	enums	v11.14.0	
wall_texture_enum	enums		yes
was_associated_with	slots	v7.6.0	
water_content_soil_meth	slots	v3.2.0	
water_feat_type_enum	enums	v11.14.0	
water_production_rate	slots	v3.2.0	
weekday_enum	enums	v11.14.0	
window_cond_enum	enums		yes
window_cover_enum	enums	v11.14.0	
window_horiz_pos_enum	enums	v11.14.0	
window_loc_enum	enums		yes
window_mat_enum	enums	v11.14.0	
window_type_enum	enums	v11.14.0	
window_vert_pos_enum	enums	v11.14.0	
